thr,sensitivity,sensitivity_family,fp_per_scan
0.05,0.367772,0.367772,1.474308
0.10,0.367772,0.367772,1.474308
0.15,0.367772,0.367772,1.474308
0.20,0.367772,0.367772,1.474308
0.25,0.367772,0.367772,1.474308
0.30,0.367772,0.367772,1.474308
0.35,0.367772,0.367772,1.474308
0.40,0.367772,0.367772,1.474308
0.45,0.367772,0.367772,1.474308
0.50,0.367772,0.367772,1.474308
0.55,0.367772,0.367772,1.474308
0.60,0.367772,0.367772,1.430830
0.65,0.363917,0.363917,1.371542
0.70,0.363146,0.363146,1.328063
0.75,0.360062,0.360062,1.276680
0.80,0.351581,0.351581,1.241107
0.85,0.337702,0.337702,1.118577
0.90,0.313801,0.313801,0.984190
0.95,0.228990,0.228990,0.505929
