scan,orientation,shape_raw,best,score_best,score_second,score_identity,spacing,dice_1,dice_2,dice_3,dice_4,dice_5,dice_6,shift_mm_1,shift_mm_2,shift_mm_3,shift_mm_4,shift_mm_5,shift_mm_6
MTR_001,SIAPLR,512x512x160,----,3.341,2.209,3.341,0.31250;0.31245;0.80002,0.733,0.882,0.984,0.881,0.980,0.925,0.72,0.47,0.21,0.28,0.33,0.25
MTR_005,SIAPLR,512x512x160,----,5.019,2.129,5.019,0.31245;0.31250;0.80065,0.738,0.876,0.945,0.890,0.969,0.897,0.88,0.73,0.20,0.44,0.19,0.51
MTR_006,SIAPLR,512x512x160,----,5.729,2.646,5.729,0.31250;0.31250;0.80000,0.621,0.842,0.969,0.876,0.970,0.906,1.09,0.77,0.50,0.42,0.43,0.37
MTR_008,SIAPLR,512x512x160,----,3.572,1.672,3.572,0.31250;0.31250;0.80000,0.725,0.872,0.986,0.931,0.978,0.931,1.11,0.67,0.23,0.40,0.27,0.66
MTR_010,SIAPLR,512x512x160,----,4.189,2.063,4.189,0.31250;0.31246;0.80048,0.553,0.796,0.890,0.841,0.949,0.870,1.41,0.96,0.25,0.68,0.52,0.60
MTR_013,SIAPLR,512x512x160,----,4.326,1.866,4.326,0.31250;0.31250;0.80000,0.666,0.827,0.855,0.879,0.909,0.908,1.25,0.77,0.40,0.41,0.25,0.41
MTR_015,SIAPLR,512x512x160,----,3.706,3.446,3.706,0.31250;0.31250;0.80000,0.881,0.934,0.999,0.898,0.999,0.912,0.43,0.32,0.01,0.27,0.03,0.27
MTR_016,SIAPLR,512x512x160,----,5.236,2.346,5.236,0.31250;0.31250;0.80000,0.585,0.847,0.844,0.865,0.924,0.899,0.80,0.25,0.33,0.32,0.31,0.34
MTR_018,SIAPLR,512x512x160,----,5.213,2.915,5.213,0.31251;0.31249;0.79959,0.757,0.915,0.995,0.915,0.993,0.908,0.73,0.52,0.07,0.27,0.09,0.24
MTR_019,SIAPLR,512x512x160,----,4.894,2.595,4.894,0.31250;0.31250;0.80000,0.846,0.941,1.000,0.917,0.996,0.958,0.55,0.31,0.01,0.19,0.11,0.20
MTR_020,SIAPLR,512x512x160,----,2.889,1.494,2.889,0.31250;0.31251;0.80005,0.272,0.700,0.820,0.628,0.847,0.820,2.73,1.57,1.20,1.35,1.34,1.32
MTR_023,SIAPLR,512x512x160,----,3.088,1.846,3.088,0.31250;0.31249;0.80002,0.581,0.844,0.939,0.877,0.966,0.880,1.26,0.98,0.30,0.65,0.37,0.64
MTR_026,SIAPLR,512x512x160,----,3.629,2.978,3.629,0.31250;0.31248;0.79926,0.888,0.945,1.000,0.931,0.999,0.951,0.44,0.45,0.01,0.22,0.06,0.24
MTR_028,SIAPLR,512x512x160,----,4.667,2.412,4.667,0.31250;0.31250;0.80000,0.807,0.921,0.987,0.950,0.975,0.960,0.77,0.52,0.15,0.42,0.13,0.44
MTR_030,SIAPLR,512x512x160,----,4.372,2.535,4.372,0.31250;0.31253;0.79966,0.415,0.759,0.878,0.776,0.888,0.779,1.48,1.08,0.26,1.04,0.83,1.00
MTR_033,SIAPLR,512x512x160,----,4.154,2.303,4.154,0.31251;0.31246;0.79992,0.571,0.850,0.920,0.876,0.959,0.867,1.16,0.78,0.25,0.63,0.35,0.71
MTR_034,SIAPLR,512x512x160,----,4.534,2.757,4.534,0.31251;0.31254;0.79943,0.597,0.782,0.846,0.784,0.901,0.810,1.38,0.88,0.46,0.75,0.36,0.86
MTR_037,SIAPLR,512x512x160,----,3.783,1.736,3.783,0.31250;0.31253;0.79945,0.602,0.808,0.895,0.876,0.920,0.865,1.58,0.94,0.70,0.77,0.45,0.89
MTR_038,SIAPLR,512x512x160,----,4.195,2.347,4.195,0.31247;0.31246;0.79977,0.617,0.809,0.930,0.845,0.959,0.869,1.13,0.65,0.16,0.53,0.32,0.51
MTR_040,SIAPLR,512x512x160,----,4.823,2.452,4.823,0.31250;0.31250;0.80000,0.636,0.882,0.894,0.928,0.946,0.970,1.08,0.49,0.35,0.45,0.75,0.26
MTR_043,SIAPRL,512x512x160,----,4.149,1.918,4.149,0.31246;0.31251;0.79996,0.541,0.747,0.707,0.883,0.824,0.919,1.18,0.64,0.93,0.30,0.94,0.27
MTR_044,SIAPLR,512x512x160,----,3.300,1.529,3.300,0.31249;0.31244;0.80037,0.487,0.699,0.804,0.741,0.893,0.846,1.21,0.84,0.58,0.90,0.55,0.97
MTR_045,SIAPLR,512x512x160,----,3.869,1.769,3.869,0.31251;0.31250;0.80031,0.770,0.866,0.878,0.817,0.949,0.897,0.68,0.39,0.28,0.43,0.16,0.41
MTR_046,SIAPLR,512x512x160,----,4.114,2.398,4.114,0.31250;0.31250;0.80000,0.581,0.798,0.944,0.934,0.962,0.926,1.12,0.69,0.61,0.44,0.45,0.73
MTR_047,SIAPLR,512x512x160,----,3.999,2.380,3.999,0.31250;0.31251;0.80063,0.632,0.891,0.978,0.954,0.965,0.944,0.90,0.49,0.17,0.26,0.16,0.37
MTR_048,SIAPLR,512x512x160,----,4.109,2.382,4.109,0.31250;0.31250;0.80000,0.788,0.907,0.976,0.907,0.981,0.932,0.84,0.50,0.44,0.29,0.42,0.24
MTR_049,SIAPRL,512x512x160,----,4.964,2.663,4.964,0.35160;0.35160;0.80000,0.793,0.890,0.835,0.987,0.894,0.980,0.98,0.58,0.60,0.13,0.50,0.17
MTR_051,SIAPLR,512x512x160,----,5.903,2.639,5.903,0.31250;0.31250;0.80000,0.810,0.892,0.880,0.878,0.936,0.918,0.78,0.39,0.29,0.29,0.26,0.25
MTR_052,SIAPLR,512x512x160,----,3.552,1.472,3.552,0.31250;0.31250;0.80000,0.266,0.867,0.862,0.839,0.890,0.894,1.15,0.57,0.43,0.58,0.50,0.56
MTR_053,SIAPLR,512x512x160,----,4.125,2.301,4.125,0.31246;0.31247;0.80005,0.702,0.876,0.921,0.826,0.953,0.881,0.91,0.70,0.21,0.49,0.45,0.54
MTR_056,SIAPLR,512x512x160,----,5.353,2.521,5.353,0.31250;0.31250;0.80000,0.804,0.916,0.976,0.898,0.985,0.924,0.68,0.41,0.22,0.30,0.10,0.24
MTR_057,SIAPRL,512x512x160,----,4.759,2.377,4.759,0.31250;0.31250;0.79953,0.854,0.936,0.868,0.999,0.930,0.997,0.36,0.38,0.34,0.01,0.22,0.04
MTR_061,SIAPLR,512x512x160,----,5.787,2.749,5.787,0.31250;0.31250;0.80000,0.671,0.853,0.834,0.841,0.899,0.872,0.79,0.40,0.32,0.36,0.29,0.36
MTR_062,SIAPLR,512x512x160,----,3.932,1.956,3.932,0.31252;0.31246;0.79997,0.438,0.758,0.863,0.775,0.902,0.788,1.37,0.75,0.49,0.76,0.35,0.73
MTR_065,SIAPLR,512x512x160,----,4.252,2.199,4.252,0.31247;0.31245;0.80009,0.698,0.762,0.747,0.661,0.870,0.765,0.99,0.57,0.52,0.77,0.47,0.82
MTR_066,SIAPLR,512x512x160,----,2.732,1.755,2.732,0.35158;0.35159;0.79995,0.510,0.710,0.727,0.692,0.855,0.808,1.32,0.60,0.58,0.84,0.49,0.85
MTR_069,SIAPLR,512x512x160,----,2.737,1.561,2.737,0.31251;0.31251;0.79980,0.479,0.596,0.700,0.631,0.806,0.765,1.80,1.17,0.87,1.08,0.78,1.25
MTR_071,SIAPLR,512x512x160,----,3.046,1.684,3.046,0.31252;0.31252;0.79973,0.735,0.823,0.878,0.846,0.946,0.880,1.03,0.62,0.34,0.63,0.25,0.84
MTR_074,SIAPLR,512x512x160,----,4.144,3.137,4.144,0.31248;0.31247;0.80023,0.791,0.919,0.989,0.878,0.991,0.894,0.56,0.49,0.12,0.30,0.07,0.33
MTR_077,SIAPLR,512x512x160,----,4.825,1.992,4.825,0.31250;0.31250;0.80000,0.783,0.876,0.956,0.881,0.984,0.920,0.77,0.47,0.21,0.32,0.14,0.30
MTR_079,SIAPLR,512x512x160,----,4.460,2.968,4.460,0.31250;0.31250;0.80000,0.800,0.926,0.990,0.956,0.979,0.957,0.48,0.36,0.11,0.14,0.11,0.12
MTR_080,SIAPLR,512x512x160,----,4.690,3.405,4.690,0.31254;0.31246;0.80001,0.696,0.815,0.858,0.798,0.912,0.852,1.04,0.63,0.42,0.71,0.30,0.90
MTR_083,SIAPLR,512x512x160,----,3.896,2.032,3.896,0.31256;0.31254;0.80003,0.349,0.761,0.738,0.729,0.920,0.843,1.34,0.81,0.32,0.83,0.29,0.84
MTR_084,SIAPLR,512x512x160,----,5.049,2.933,5.049,0.31252;0.31251;0.80007,0.691,0.793,0.853,0.766,0.880,0.725,1.11,0.73,0.31,0.72,0.32,0.81
MTR_087,SIAPLR,512x512x160,----,3.435,2.524,3.435,0.31254;0.31250;0.80043,0.600,0.771,0.871,0.731,0.932,0.791,1.09,0.64,0.24,0.61,0.17,0.69
MTR_093,SIAPLR,512x512x160,----,5.123,2.993,5.123,0.31250;0.31248;0.80001,0.655,0.781,0.833,0.746,0.908,0.783,0.92,0.58,0.30,0.69,0.28,0.62
MTR_094,SIAPLR,512x512x160,----,4.443,2.465,4.443,0.31246;0.31250;0.79995,0.139,0.588,0.791,0.683,0.904,0.805,1.66,1.17,0.54,0.99,0.39,1.08
MTR_095,SIAPLR,512x512x160,----,3.252,1.934,3.252,0.35160;0.35160;0.80000,0.615,0.854,0.794,0.794,0.879,0.880,1.32,0.86,0.52,0.72,0.32,0.96
MTR_096,SIAPLR,512x512x160,----,5.081,2.664,5.081,0.31250;0.31250;0.80000,0.810,0.914,0.934,0.917,0.966,0.937,0.90,0.53,0.19,0.29,0.33,0.33
MTR_097,SIAPLR,512x512x160,----,3.338,1.830,3.338,0.31250;0.31250;0.80000,0.663,0.856,0.934,0.940,0.933,0.931,1.23,0.70,0.36,0.52,0.68,0.50
MTR_098,SIAPLR,512x512x160,----,4.702,2.683,4.702,0.31250;0.31250;0.80000,0.851,0.950,0.994,0.990,0.984,0.983,0.57,0.37,0.10,0.22,0.16,0.19
MTR_099,SIAPLR,512x512x160,----,3.530,2.200,3.530,0.31250;0.31250;0.80000,0.697,0.854,0.845,0.783,0.921,0.856,0.88,0.57,0.32,0.56,0.29,0.52
MTR_100,SIAPLR,512x512x160,----,2.985,1.554,2.985,0.31250;0.31250;0.80000,0.711,0.751,0.712,0.598,0.856,0.669,1.02,0.72,0.51,0.98,0.42,1.14
MTR_101,SIAPLR,512x512x160,----,3.873,2.942,3.873,0.31256;0.31247;0.79972,0.810,0.810,0.856,0.757,0.875,0.711,0.92,0.61,0.40,0.89,0.37,0.93
MTR_103,SIAPLR,512x512x160,----,2.876,1.995,2.876,0.31250;0.31250;0.80000,0.711,0.851,0.861,0.814,0.930,0.891,1.10,0.64,0.34,0.64,0.30,0.45
MTR_104,SIAPLR,512x512x160,----,4.096,2.195,4.096,0.31253;0.31253;0.79941,0.724,0.816,0.888,0.834,0.943,0.874,0.91,0.58,0.32,0.61,0.20,0.72
MTR_105,SIAPLR,512x512x160,----,3.190,2.539,3.190,0.31250;0.31252;0.80005,0.658,0.848,0.883,0.885,0.930,0.869,1.21,0.83,0.33,0.65,0.47,0.62
MTR_107,SIAPLR,512x512x160,----,4.206,2.833,4.206,0.31250;0.31245;0.80000,0.700,0.886,0.976,0.930,0.966,0.933,0.80,0.52,0.23,0.43,0.28,0.55
MTR_109,SIAPLR,512x512x160,----,4.907,2.621,4.907,0.31250;0.31250;0.80000,0.780,0.913,0.989,0.976,0.981,0.966,0.80,0.41,0.25,0.27,0.26,0.27
MTR_110,SIAPLR,512x512x160,----,4.927,2.000,4.927,0.31250;0.31252;0.80071,0.297,0.736,0.887,0.844,0.899,0.819,1.77,1.30,0.46,0.77,0.41,0.90
MTR_112,SIAPRL,512x512x160,----,3.859,2.037,3.859,0.31246;0.31252;0.79988,0.630,0.721,0.615,0.855,0.763,0.899,1.07,0.64,0.90,0.35,1.00,0.35
MTR_113,SIAPLR,512x512x160,----,4.527,2.680,4.527,0.31250;0.31250;0.80000,0.699,0.809,0.837,0.794,0.894,0.856,0.87,0.45,0.34,0.52,0.38,0.67
MTR_115,SIAPLR,512x512x160,----,4.481,2.583,4.481,0.31251;0.31255;0.79997,0.240,0.594,0.800,0.678,0.904,0.792,1.53,0.96,0.44,0.95,0.44,1.03
MTR_116,SIAPLR,512x512x160,----,3.743,2.130,3.743,0.31256;0.31247;0.80001,0.731,0.872,0.904,0.836,0.959,0.850,0.91,0.59,0.29,0.55,0.16,0.78
MTR_118,SIAPLR,512x512x160,----,4.341,2.144,4.341,0.31250;0.31250;0.80000,0.828,0.889,0.951,0.905,0.982,0.904,0.69,0.45,0.17,0.32,0.12,0.36
MTR_120,SIAPLR,512x512x160,----,3.516,2.412,3.516,0.31251;0.31253;0.79991,0.619,0.830,0.949,0.882,0.955,0.888,1.21,0.82,0.38,0.58,0.38,0.56
MTR_122,SIAPLR,512x512x160,----,4.750,2.951,4.750,0.31250;0.31250;0.80000,0.811,0.896,0.963,0.892,0.978,0.881,0.74,0.53,0.24,0.34,0.33,0.36
MTR_124,SIAPLR,512x512x160,----,4.108,2.078,4.108,0.31251;0.31247;0.79992,0.710,0.744,0.760,0.641,0.874,0.650,1.05,0.56,0.44,0.91,0.38,1.04
MTR_126,SIAPLR,512x512x160,----,3.311,1.555,3.311,0.31247;0.31247;0.80000,0.521,0.676,0.824,0.679,0.887,0.779,1.63,1.13,0.49,0.96,0.49,1.14
MTR_127,SIAPRL,512x512x160,----,3.399,2.356,3.399,0.31245;0.31251;0.79999,0.910,0.865,0.755,0.885,0.826,0.887,0.33,0.29,0.60,0.32,0.64,0.31
MTR_129,SIAPLR,512x512x160,----,3.522,2.602,3.522,0.31248;0.31253;0.80014,0.842,0.911,0.989,0.884,0.995,0.894,0.51,0.33,0.07,0.36,0.07,0.42
MTR_130,SIAPLR,512x512x160,----,4.152,1.615,4.152,0.31250;0.31250;0.80000,0.635,0.818,0.836,0.836,0.851,0.872,1.26,0.62,0.46,0.55,0.60,0.60
MTR_133,SIAPLR,512x512x160,----,4.118,2.779,4.118,0.31250;0.31250;0.80000,0.798,0.905,0.989,0.935,0.990,0.916,0.72,0.42,0.14,0.29,0.15,0.33
MTR_135,SIAPRL,512x512x168,----,4.762,2.587,4.762,0.31252;0.31254;0.79993,0.807,0.845,0.751,0.930,0.840,0.945,0.74,0.44,0.50,0.16,0.56,0.19
MTR_139,SIAPLR,512x512x160,----,3.749,1.982,3.749,0.31250;0.31250;0.80000,0.785,0.895,0.858,0.885,0.912,0.911,0.87,0.44,0.34,0.40,0.23,0.49
MTR_140,SIAPLR,512x512x160,----,5.059,2.642,5.059,0.31250;0.31250;0.80000,0.753,0.843,0.888,0.831,0.948,0.909,0.87,0.59,0.26,0.31,0.35,0.33
MTR_142,SIAPLR,512x512x160,----,4.805,2.488,4.805,0.31250;0.31253;0.79949,0.750,0.861,0.937,0.883,0.978,0.883,0.82,0.54,0.15,0.33,0.09,0.32
MTR_144,SIAPRL,512x512x160,----,3.255,2.056,3.255,0.31254;0.31247;0.80001,0.507,0.673,0.517,0.793,0.661,0.836,2.08,1.48,1.56,0.69,1.62,0.71
MTR_145,SIAPLR,512x512x160,----,4.231,2.654,4.231,0.31252;0.31252;0.79995,0.799,0.844,0.832,0.816,0.904,0.869,0.64,0.29,0.31,0.55,0.32,0.47
MTR_146,SIAPLR,512x512x160,----,4.031,2.331,4.031,0.31250;0.31250;0.80000,0.735,0.907,0.979,0.963,0.977,0.975,1.11,0.50,0.40,0.34,0.26,0.38
MTR_148,SIAPLR,512x512x160,----,2.998,1.567,2.998,0.31250;0.31250;0.80000,0.376,0.842,0.908,0.951,0.967,0.955,1.17,0.58,0.44,0.53,0.51,0.25
MTR_149,SIAPLR,512x512x160,----,3.885,2.258,3.885,0.31250;0.31250;0.80000,0.694,0.776,0.813,0.687,0.877,0.782,0.76,0.50,0.32,0.60,0.38,0.60
MTR_150,SIAPLR,512x512x160,----,3.386,1.295,3.386,0.31250;0.31251;0.80003,0.002,0.325,0.812,0.744,0.707,0.577,3.84,2.72,1.92,2.45,1.63,2.47
MTR_151,SIAPLR,512x512x160,----,3.767,2.068,3.767,0.31248;0.31254;0.80019,0.708,0.818,0.882,0.873,0.940,0.886,1.15,1.06,0.31,0.83,0.47,0.68
MTR_152,SIAPLR,512x512x160,----,4.482,2.055,4.482,0.31250;0.31250;0.80000,0.807,0.871,0.867,0.855,0.961,0.909,0.50,0.53,0.30,0.34,0.16,0.35
MTR_154,SIAPLR,512x512x160,----,4.743,3.319,4.743,0.31250;0.31250;0.80000,0.698,0.902,0.914,0.855,0.969,0.929,0.71,0.38,0.28,0.31,0.14,0.37
MTR_156,SIAPLR,512x512x160,----,4.120,2.537,4.120,0.31249;0.31252;0.80002,0.656,0.778,0.823,0.697,0.922,0.845,1.22,0.69,0.42,0.86,0.42,0.89
MTR_158,SIAPLR,512x512x160,----,4.285,2.234,4.285,0.31250;0.31250;0.80000,0.868,0.952,0.990,0.983,0.981,0.984,0.58,0.37,0.14,0.15,0.19,0.15
MTR_159,SIAPLR,512x512x160,----,4.296,2.336,4.296,0.31250;0.31250;0.80000,0.738,0.894,0.994,0.967,0.972,0.968,0.81,0.43,0.15,0.19,0.20,0.32
MTR_161,SIAPRL,512x512x160,----,3.887,1.810,3.887,0.31249;0.31255;0.80036,0.682,0.740,0.540,0.846,0.727,0.896,0.84,0.60,0.85,0.32,0.90,0.34
MTR_163,SIAPLR,512x512x160,----,4.515,2.946,4.515,0.31250;0.31250;0.80000,0.406,0.905,0.911,0.890,0.929,0.970,1.44,0.50,0.42,0.26,0.27,0.26
MTR_164,SIAPLR,512x512x160,----,3.266,1.769,3.266,0.31250;0.31250;0.80000,0.846,0.937,0.983,0.903,0.986,0.942,0.77,0.42,0.27,0.30,0.23,0.24
MTR_167,SIAPLR,512x512x160,----,4.310,2.604,4.310,0.31246;0.31249;0.79978,0.684,0.830,0.869,0.760,0.937,0.844,0.96,0.63,0.29,0.59,0.24,0.65
MTR_172,SIAPLR,512x512x160,----,3.456,2.072,3.456,0.31250;0.31252;0.80041,0.651,0.862,0.937,0.727,0.941,0.856,1.20,0.80,0.46,0.57,0.69,0.72
MTR_173,SIAPLR,512x512x160,----,2.374,1.287,2.374,0.35160;0.35162;0.80064,0.764,0.881,0.900,0.860,0.958,0.869,0.88,0.59,0.25,0.49,0.16,0.59
MTR_174,SIAPLR,512x512x160,----,3.629,2.259,3.629,0.31250;0.31252;0.80024,0.639,0.809,0.875,0.772,0.924,0.823,1.10,0.65,0.33,0.70,0.21,0.73
MTR_175,SIAPLR,512x512x160,----,4.852,3.409,4.852,0.31249;0.31252;0.79999,0.728,0.874,0.915,0.858,0.953,0.849,0.79,0.47,0.21,0.42,0.16,0.66
MTR_176,SIAPLR,512x512x160,----,2.810,2.132,2.810,0.31250;0.31250;0.80000,0.744,0.853,0.842,0.840,0.908,0.893,0.84,0.43,0.32,0.35,0.25,0.42
MTR_177,SIAPLR,512x512x160,----,3.984,2.356,3.984,0.31249;0.31249;0.80007,0.288,0.622,0.772,0.610,0.877,0.738,1.82,1.30,0.92,1.24,0.76,1.27
MTR_178,SIAPRL,512x512x156,----,3.962,2.806,3.962,0.31252;0.31251;0.80002,0.782,0.819,0.665,0.909,0.802,0.945,0.75,0.51,0.65,0.25,0.70,0.17
MTR_179,SIAPLR,512x512x160,----,4.498,2.616,4.498,0.31250;0.31248;0.80041,0.710,0.834,0.962,0.887,0.964,0.899,0.93,0.73,0.48,0.54,0.47,0.75
MTR_182,SIAPLR,512x512x160,----,4.849,3.351,4.849,0.31250;0.31250;0.80000,0.790,0.925,0.993,0.851,0.983,0.939,0.72,0.46,0.12,0.34,0.17,0.35
MTR_183,SIAPLR,512x512x160,----,5.423,2.000,5.423,0.31250;0.31250;0.80000,0.572,0.803,0.841,0.798,0.880,0.890,1.17,0.56,0.39,0.63,0.35,0.63
MTR_184,SIAPLR,512x512x160,----,3.932,2.128,3.932,0.31251;0.31252;0.80023,0.553,0.773,0.912,0.844,0.937,0.871,1.77,0.95,0.77,0.87,0.92,0.79
MTR_186,SIAPLR,512x512x160,----,4.229,2.914,4.229,0.31254;0.31245;0.80051,0.591,0.793,0.878,0.803,0.914,0.799,1.57,0.91,0.33,0.79,0.27,0.87
MTR_188,SIAPLR,512x512x160,----,4.960,2.786,4.960,0.31250;0.31250;0.80000,0.885,0.893,0.870,0.874,0.967,0.914,0.46,0.36,0.23,0.33,0.14,0.43
MTR_189,SIAPLR,512x512x160,----,2.354,1.509,2.354,0.31250;0.31244;0.80005,0.639,0.860,0.908,0.865,0.944,0.880,1.32,0.78,0.49,0.70,0.60,0.83
MTR_190,SIAPRL,512x512x160,----,4.744,2.618,4.744,0.31251;0.31253;0.80004,0.846,0.742,0.523,0.869,0.747,0.897,0.39,0.45,0.77,0.32,0.88,0.31
MTR_191,SIAPLR,512x512x160,----,5.693,2.353,5.693,0.31250;0.31250;0.80000,0.774,0.834,0.798,0.839,0.897,0.868,0.73,0.34,0.32,0.36,0.30,0.35
MTR_192,SIAPLR,512x512x160,----,3.755,2.207,3.755,0.31247;0.31245;0.79998,0.640,0.773,0.843,0.721,0.888,0.778,1.27,0.86,0.50,1.01,0.47,1.03
MTR_193,SIAPLR,512x512x160,----,3.219,1.617,3.219,0.31250;0.31250;0.80000,0.691,0.847,0.867,0.836,0.914,0.871,1.25,0.82,0.36,0.55,0.27,0.72
MTR_194,SIAPLR,512x512x160,----,3.183,1.984,3.183,0.31250;0.31250;0.80000,0.725,0.898,0.943,0.803,0.970,0.917,0.79,0.46,0.16,0.44,0.25,0.50
MTR_196,SIAPLR,512x512x160,----,4.926,2.632,4.926,0.31250;0.31250;0.80000,0.785,0.923,0.985,0.950,0.977,0.982,0.86,0.34,0.14,0.39,0.19,0.37
MTR_198,SIAPLR,512x512x160,----,4.077,1.958,4.077,0.31250;0.31250;0.80000,0.797,0.902,0.947,0.901,0.981,0.901,0.80,0.45,0.20,0.38,0.13,0.32
MTR_199,SIAPRL,512x512x160,----,3.794,2.661,3.794,0.31255;0.31248;0.80066,0.676,0.793,0.683,0.873,0.801,0.902,1.09,0.66,0.78,0.35,0.98,0.29
MTR_200,SIAPLR,512x512x160,----,4.814,2.548,4.814,0.31250;0.31250;0.80000,0.773,0.897,0.966,0.936,0.988,0.960,0.75,0.48,0.38,0.29,0.23,0.55
MTR_201,SIAPLR,512x512x160,----,4.034,2.200,4.034,0.31250;0.31250;0.80000,0.752,0.860,0.934,0.798,0.976,0.895,0.82,0.55,0.24,0.37,0.36,0.44
MTR_203,SIAPLR,512x512x160,----,3.440,1.490,3.440,0.31248;0.31245;0.80006,0.698,0.838,0.924,0.796,0.974,0.813,0.85,0.63,0.18,0.50,0.09,0.54
MTR_204,SIAPLR,512x512x160,----,4.533,2.224,4.533,0.31250;0.31250;0.80000,0.678,0.864,0.951,0.914,0.956,0.938,1.10,0.58,0.64,0.45,0.44,0.45
MTR_205,SIAPLR,512x512x160,----,4.092,2.440,4.092,0.31250;0.31250;0.80000,0.765,0.920,0.988,0.973,0.978,0.972,0.80,0.52,0.14,0.16,0.16,0.27
MTR_206,SIAPLR,512x512x160,----,3.682,1.986,3.682,0.31248;0.31254;0.80032,0.678,0.871,0.955,0.874,0.981,0.900,0.93,0.61,0.16,0.41,0.15,0.37
MTR_207,SIAPLR,512x512x160,----,3.061,1.769,3.061,0.31250;0.31254;0.79990,0.412,0.714,0.899,0.906,0.726,0.867,1.66,1.17,0.63,1.00,1.04,1.35
MTR_208,SIAPLR,512x512x160,----,3.452,2.514,3.452,0.31247;0.31252;0.79988,0.847,0.938,0.999,0.894,0.996,0.922,0.44,0.32,0.04,0.27,0.07,0.26
MTR_209,SIAPRL,512x512x160,----,3.964,2.262,3.964,0.31252;0.31246;0.79959,0.704,0.844,0.781,0.960,0.870,0.969,0.89,0.51,0.52,0.14,0.63,0.09
MTR_210,SIAPLR,512x512x160,----,4.023,2.491,4.023,0.31250;0.31250;0.80000,0.878,0.947,0.999,0.973,0.994,0.980,0.41,0.28,0.03,0.26,0.10,0.32
MTR_211,SIAPLR,512x512x160,----,4.148,1.928,4.148,0.31249;0.31250;0.79988,0.573,0.721,0.803,0.779,0.913,0.766,1.51,0.98,0.39,0.90,0.38,0.93
MTR_212,SIAPLR,512x512x160,----,4.243,1.954,4.243,0.31254;0.31252;0.79937,0.398,0.742,0.858,0.616,0.856,0.754,1.58,1.04,0.62,1.09,0.83,1.04
MTR_213,SIAPLR,512x512x160,----,3.576,2.660,3.576,0.31245;0.31248;0.80001,0.823,0.893,0.944,0.864,0.978,0.875,0.72,0.50,0.20,0.45,0.09,0.61
MTR_214,SIAPLR,512x512x160,----,5.449,4.245,5.449,0.31250;0.31250;0.80000,0.676,0.839,0.811,0.823,0.945,0.937,0.71,0.48,0.27,0.30,0.21,0.19
MTR_215,SIAPLR,512x512x160,----,5.054,2.055,5.054,0.31250;0.31250;0.80000,0.728,0.836,0.819,0.855,0.912,0.871,0.73,0.55,0.32,0.32,0.29,0.34
MTR_216,SIAPLR,512x512x160,----,4.310,2.746,4.310,0.31250;0.31250;0.80000,0.796,0.906,0.982,0.972,0.978,0.958,0.62,0.44,0.17,0.13,0.12,0.20
MTR_218,SIAPLR,512x512x160,----,4.438,2.295,4.438,0.31253;0.31253;0.80052,0.519,0.726,0.807,0.614,0.909,0.728,1.19,0.87,0.36,0.82,0.34,0.78
MTR_219,SIAPLR,512x512x160,----,3.279,1.786,3.279,0.31249;0.31251;0.79999,0.591,0.800,0.861,0.777,0.916,0.835,1.22,0.77,0.32,0.67,0.27,0.74
MTR_220,SIAPLR,512x512x160,----,4.667,2.726,4.667,0.31250;0.31250;0.80000,0.681,0.866,0.816,0.852,0.933,0.901,0.79,0.30,0.34,0.32,0.22,0.32
MTR_221,SIAPLR,512x512x160,----,4.171,1.967,4.171,0.31250;0.31250;0.80000,0.552,0.863,0.812,0.850,0.950,0.925,1.17,0.71,0.23,0.45,0.43,0.21
MTR_222,SIAPLR,512x512x160,----,3.534,2.530,3.534,0.31250;0.31250;0.80000,0.758,0.848,0.848,0.882,0.918,0.877,1.04,0.66,0.36,0.36,0.28,0.52
MTR_223,SIAPRL,512x512x144,----,4.621,2.707,4.621,0.31246;0.31246;0.80000,0.926,0.939,0.876,1.000,0.904,1.000,0.35,0.21,0.28,0.00,0.30,0.00
MTR_224,SIAPLR,512x512x160,----,5.337,2.803,5.337,0.31251;0.31248;0.79958,0.720,0.880,0.978,0.863,0.983,0.885,0.77,0.42,0.43,0.47,0.31,0.51
MTR_225,SIAPLR,512x512x160,----,4.233,2.053,4.233,0.31250;0.31247;0.79993,0.807,0.908,0.931,0.965,0.969,0.968,0.94,0.27,0.22,0.15,0.11,0.08
MTR_227,SIAPRL,512x512x160,----,3.795,1.924,3.795,0.31254;0.31248;0.80001,0.777,0.783,0.638,0.867,0.809,0.906,0.69,0.42,0.67,0.28,0.72,0.23
MTR_228,SIAPRL,512x512x152,----,4.086,2.237,4.086,0.31247;0.31252;0.79994,0.718,0.773,0.709,0.914,0.834,0.938,1.04,0.54,0.67,0.24,0.68,0.19
MTR_229,SIAPLR,512x512x160,----,2.863,1.498,2.863,0.31250;0.31250;0.80000,0.663,0.883,0.933,0.899,0.955,0.911,1.27,0.69,0.41,0.48,0.53,0.46
MTR_230,SIAPLR,512x512x160,----,3.100,1.750,3.100,0.31250;0.31250;0.80000,0.348,0.800,0.842,0.785,0.940,0.913,1.17,0.77,0.41,0.36,0.23,0.46
MTR_232,SIAPLR,512x512x160,----,5.047,2.959,5.047,0.31250;0.31250;0.80000,0.858,0.919,0.976,0.864,0.991,0.914,0.41,0.31,0.05,0.31,0.11,0.31
MTR_233,SIAPLR,512x512x160,----,4.533,2.666,4.533,0.31247;0.31253;0.80007,0.612,0.780,0.834,0.820,0.924,0.874,0.98,0.59,0.36,0.56,0.22,0.60
MTR_235,SIAPLR,512x512x160,----,3.513,1.734,3.513,0.31250;0.31250;0.80000,0.644,0.878,0.904,0.900,0.918,0.890,1.43,0.71,0.44,0.59,0.27,0.54
MTR_236,SIAPLR,512x512x160,----,3.974,2.590,3.974,0.31250;0.31248;0.79996,0.831,0.927,0.986,0.919,0.982,0.949,0.71,0.55,0.14,0.32,0.12,0.26
MTR_237,SIAPLR,512x512x160,----,4.048,2.589,4.048,0.31250;0.31250;0.80000,0.882,0.952,0.999,0.950,0.987,0.980,0.51,0.32,0.02,0.29,0.28,0.27
MTR_240,SIAPLR,512x512x160,----,4.027,1.980,4.027,0.31250;0.31250;0.80000,0.316,0.767,0.844,0.831,0.920,0.896,1.50,0.95,0.50,0.50,0.29,0.55
MTR_241,SIAPLR,512x512x160,----,2.806,2.098,2.806,0.31254;0.31247;0.80005,0.577,0.813,0.889,0.815,0.949,0.899,0.91,0.64,0.26,0.45,0.38,0.64
MTR_243,SIAPRL,512x512x160,----,4.190,2.790,4.190,0.31250;0.31256;0.79995,0.761,0.872,0.937,0.977,0.930,0.977,0.85,0.33,0.42,0.15,0.35,0.17
MTR_244,SIAPRL,512x512x160,----,3.716,2.573,3.716,0.31247;0.31253;0.80005,0.770,0.862,0.950,0.979,0.939,0.980,0.82,0.68,0.53,0.15,0.68,0.15
MTR_245,SIAPRL,512x512x160,----,2.736,1.505,2.736,0.31245;0.31246;0.79995,0.545,0.766,0.754,0.890,0.772,0.924,1.03,0.64,0.87,0.30,0.87,0.24
MTR_248,SIAPLR,512x512x160,----,3.202,2.208,3.202,0.31250;0.31249;0.79945,0.630,0.816,0.864,0.765,0.923,0.831,1.23,0.80,0.33,0.69,0.28,0.79
MTR_251,SIAPLR,512x512x160,----,5.302,2.206,5.302,0.31250;0.31250;0.80000,0.822,0.903,0.986,0.880,0.988,0.918,0.70,0.45,0.23,0.30,0.22,0.23
