thr,n_hit,sensitivity,fp_per_scan
0.05,243,0.567757,1.680000
0.10,243,0.567757,1.680000
0.15,243,0.567757,1.680000
0.20,243,0.567757,1.680000
0.25,243,0.567757,1.680000
0.30,243,0.567757,1.680000
0.35,243,0.567757,1.680000
0.40,243,0.567757,1.680000
0.45,243,0.567757,1.680000
0.50,243,0.567757,1.680000
0.55,243,0.567757,1.660000
0.60,243,0.567757,1.660000
0.65,242,0.565421,1.600000
0.70,241,0.563084,1.580000
0.75,237,0.553738,1.440000
0.80,233,0.544393,1.380000
0.85,230,0.537383,1.100000
0.90,218,0.509346,1.020000
0.95,181,0.422897,0.740000
