arm,metric,stratum,value,lo,hi
b0,accuracy,all,1.0,,
b0,singleton_rate,all,1.0,,
b0,top2_accuracy,all,1.0,,
b0,singleton_accuracy,all,1.0,,
b0,macro_f1,all,1.0,,
b0,balanced_accuracy,all,1.0,,
b0,agreement_with_c1,all,1.0,,
b1,accuracy,all,0.9722436391673092,,
b1,singleton_rate,all,1.0,,
b1,top2_accuracy,all,1.0,,
b1,singleton_accuracy,all,0.9722436391673092,,
b1,macro_f1,all,0.8636202931155633,,
b1,balanced_accuracy,all,0.8038043774903117,,
b1,agreement_with_c1,all,0.9722436391673092,,
b2,accuracy,all,0.8334618350038551,,
b2,singleton_rate,all,1.0,,
b2,top2_accuracy,all,0.9976869699306091,,
b2,singleton_accuracy,all,0.8334618350038551,,
b2,macro_f1,all,0.4873945025164537,,
b2,balanced_accuracy,all,0.46824409147972273,,
b2,agreement_with_c1,all,0.8334618350038551,,
bgeo_hgb,accuracy,all,0.9961449498843485,,
bgeo_hgb,singleton_rate,all,1.0,,
bgeo_hgb,top2_accuracy,all,0.9984579799537394,,
bgeo_hgb,singleton_accuracy,all,0.9961449498843485,,
bgeo_hgb,macro_f1,all,0.6638462249933351,,
bgeo_hgb,balanced_accuracy,all,0.6649145788985318,,
bgeo_hgb,agreement_with_c1,all,0.9961449498843485,,
bgeo_lr,accuracy,all,0.9838087895142636,,
bgeo_lr,singleton_rate,all,1.0,,
bgeo_lr,top2_accuracy,all,0.9992289899768697,,
bgeo_lr,singleton_accuracy,all,0.9838087895142636,,
bgeo_lr,macro_f1,all,0.6523740991326309,,
bgeo_lr,balanced_accuracy,all,0.649183996506741,,
bgeo_lr,agreement_with_c1,all,0.9838087895142636,,
bgeo_mlp,accuracy,all,0.9753276792598303,,
bgeo_mlp,singleton_rate,all,1.0,,
bgeo_mlp,top2_accuracy,all,0.9984579799537394,,
bgeo_mlp,singleton_accuracy,all,0.9753276792598303,,
bgeo_mlp,macro_f1,all,0.6450818570215389,,
bgeo_mlp,balanced_accuracy,all,0.6447246329348835,,
bgeo_mlp,agreement_with_c1,all,0.9753276792598303,,
bprior_majority,accuracy,all,0.764070932922128,,
bprior_majority,singleton_rate,all,1.0,,
bprior_majority,top2_accuracy,all,0.9984579799537394,,
bprior_majority,singleton_accuracy,all,0.764070932922128,,
bprior_majority,macro_f1,all,0.30117609545208485,,
bprior_majority,balanced_accuracy,all,0.33978494623655914,,
bprior_majority,agreement_with_c1,all,0.764070932922128,,
bprior_type,accuracy,all,0.764070932922128,,
bprior_type,singleton_rate,all,1.0,,
bprior_type,top2_accuracy,all,0.9984579799537394,,
bprior_type,singleton_accuracy,all,0.764070932922128,,
bprior_type,macro_f1,all,0.30117609545208485,,
bprior_type,balanced_accuracy,all,0.33978494623655914,,
bprior_type,agreement_with_c1,all,0.764070932922128,,
bprior_type_side,accuracy,all,0.7679259830377795,,
bprior_type_side,singleton_rate,all,1.0,,
bprior_type_side,top2_accuracy,all,0.9984579799537394,,
bprior_type_side,singleton_accuracy,all,0.7679259830377795,,
bprior_type_side,macro_f1,all,0.31757835969513476,,
bprior_type_side,balanced_accuracy,all,0.3473718683477976,,
bprior_type_side,agreement_with_c1,all,0.7679259830377795,,
bprior_type_side_location,accuracy,all,0.8010794140323825,,
bprior_type_side_location,singleton_rate,all,1.0,,
bprior_type_side_location,top2_accuracy,all,0.9984579799537394,,
bprior_type_side_location,singleton_accuracy,all,0.8010794140323825,,
bprior_type_side_location,macro_f1,all,0.44530966847884024,,
bprior_type_side_location,balanced_accuracy,all,0.43118825391627097,,
bprior_type_side_location,agreement_with_c1,all,0.8010794140323825,,
b1,net_rescue_vs_b0,all,-0.027756360832690823,-0.038599976939390206,-0.019131615971733122
b1,net_rescue_vs_bprior,all,0.17116422513492677,0.14678846757595843,0.19746139151238148
b1,net_rescue_vs_bgeo,all,-0.023901310717039322,-0.034874126530608694,-0.014999901341752171
b1,net_rescue_vs_b2,all,0.13878180416345412,0.11142649359697532,0.16602049023569818
b2,net_rescue_vs_b0,all,-0.16653816499614496,-0.19456635686090673,-0.13947694322542106
b2,net_rescue_vs_bprior,all,0.03238242097147263,0.007769419547588562,0.05929210630814613
b2,net_rescue_vs_bgeo,all,-0.16268311488049345,-0.1912536977449216,-0.13539963764454518
bgeo_hgb,net_rescue_vs_b0,all,-0.0038550501156515036,-0.007699019746112002,-0.0008264292197555468
bgeo_hgb,net_rescue_vs_bprior,all,0.19506553585196607,0.17024911114990474,0.2220099909364922
bgeo_hgb,net_rescue_vs_bgeo,all,0.0,0.0,0.0
bgeo_hgb,net_rescue_vs_b2,all,0.16268311488049345,0.13539963764454518,0.1912536977449216
bgeo_lr,net_rescue_vs_b0,all,-0.016191210485736313,-0.025039824143308072,-0.008823470446719186
bgeo_lr,net_rescue_vs_bprior,all,0.18272937548188126,0.157978010694301,0.20959550810150362
bgeo_lr,net_rescue_vs_bgeo,all,-0.01233616037008481,-0.020913083276697095,-0.005176701378843629
bgeo_lr,net_rescue_vs_b2,all,0.15034695451040864,0.12338785690462725,0.17845137697732036
bgeo_mlp,net_rescue_vs_b0,all,-0.02467232074016962,-0.03437511677877429,-0.015987691243161253
bgeo_mlp,net_rescue_vs_bprior,all,0.17424826522744796,0.14923538452245927,0.20163974515536146
bgeo_mlp,net_rescue_vs_bgeo,all,-0.02081727062451812,-0.030431279930166345,-0.012309189882744525
bgeo_mlp,net_rescue_vs_b2,all,0.14186584425597532,0.11519890044576522,0.16958565919117802
b0,accuracy,band=0,1.0,,
b0,accuracy,band=0-2,1.0,,
b0,accuracy,band=2-4,1.0,,
b0,accuracy,band=>4,1.0,,
b1,accuracy,band=0,0.9357798165137615,,
b1,accuracy,band=0-2,1.0,,
b1,accuracy,band=2-4,0.9953917050691244,,
b1,accuracy,band=>4,1.0,,
b2,accuracy,band=0,0.7504587155963303,,
b2,accuracy,band=0-2,0.8761904761904762,,
b2,accuracy,band=2-4,0.9170506912442397,,
b2,accuracy,band=>4,0.8892307692307693,,
bgeo_hgb,accuracy,band=0,0.9908256880733946,,
bgeo_hgb,accuracy,band=0-2,1.0,,
bgeo_hgb,accuracy,band=2-4,1.0,,
bgeo_hgb,accuracy,band=>4,1.0,,
bgeo_lr,accuracy,band=0,0.9614678899082569,,
bgeo_lr,accuracy,band=0-2,1.0,,
bgeo_lr,accuracy,band=2-4,1.0,,
bgeo_lr,accuracy,band=>4,1.0,,
bgeo_mlp,accuracy,band=0,0.9412844036697248,,
bgeo_mlp,accuracy,band=0-2,1.0,,
bgeo_mlp,accuracy,band=2-4,1.0,,
bgeo_mlp,accuracy,band=>4,1.0,,
bprior_majority,accuracy,band=0,0.6990825688073394,,
bprior_majority,accuracy,band=0-2,0.8666666666666667,,
bprior_majority,accuracy,band=2-4,0.8986175115207373,,
bprior_majority,accuracy,band=>4,0.7169230769230769,,
bprior_type,accuracy,band=0,0.6990825688073394,,
bprior_type,accuracy,band=0-2,0.8666666666666667,,
bprior_type,accuracy,band=2-4,0.8986175115207373,,
bprior_type,accuracy,band=>4,0.7169230769230769,,
bprior_type_side,accuracy,band=0,0.7045871559633028,,
bprior_type_side,accuracy,band=0-2,0.8666666666666667,,
bprior_type_side,accuracy,band=2-4,0.8986175115207373,,
bprior_type_side,accuracy,band=>4,0.7230769230769231,,
bprior_type_side_location,accuracy,band=0,0.7192660550458716,,
bprior_type_side_location,accuracy,band=0-2,0.8714285714285714,,
bprior_type_side_location,accuracy,band=2-4,0.8986175115207373,,
bprior_type_side_location,accuracy,band=>4,0.8276923076923077,,
b0,accuracy,stratum_geometry=inplane_0.62_slice_3,1.0,,
b0,accuracy,stratum_geometry=inplane_0.69_slice_5,1.0,,
b0,accuracy,stratum_geometry=inplane_0.86_slice_3,1.0,,
b0,accuracy,stratum_geometry=inplane_0.86_slice_5,1.0,,
b1,accuracy,stratum_geometry=inplane_0.62_slice_3,0.96875,,
b1,accuracy,stratum_geometry=inplane_0.69_slice_5,0.9727659574468085,,
b1,accuracy,stratum_geometry=inplane_0.86_slice_3,1.0,,
b1,accuracy,stratum_geometry=inplane_0.86_slice_5,0.9620253164556962,,
b2,accuracy,stratum_geometry=inplane_0.62_slice_3,0.75,,
b2,accuracy,stratum_geometry=inplane_0.69_slice_5,0.8365957446808511,,
b2,accuracy,stratum_geometry=inplane_0.86_slice_3,0.7272727272727273,,
b2,accuracy,stratum_geometry=inplane_0.86_slice_5,0.8354430379746836,,
bgeo_hgb,accuracy,stratum_geometry=inplane_0.62_slice_3,1.0,,
bgeo_hgb,accuracy,stratum_geometry=inplane_0.69_slice_5,0.9965957446808511,,
bgeo_hgb,accuracy,stratum_geometry=inplane_0.86_slice_3,1.0,,
bgeo_hgb,accuracy,stratum_geometry=inplane_0.86_slice_5,0.9873417721518988,,
bgeo_lr,accuracy,stratum_geometry=inplane_0.62_slice_3,0.96875,,
bgeo_lr,accuracy,stratum_geometry=inplane_0.69_slice_5,0.985531914893617,,
bgeo_lr,accuracy,stratum_geometry=inplane_0.86_slice_3,1.0,,
bgeo_lr,accuracy,stratum_geometry=inplane_0.86_slice_5,0.9620253164556962,,
bgeo_mlp,accuracy,stratum_geometry=inplane_0.62_slice_3,1.0,,
bgeo_mlp,accuracy,stratum_geometry=inplane_0.69_slice_5,0.9753191489361702,,
bgeo_mlp,accuracy,stratum_geometry=inplane_0.86_slice_3,1.0,,
bgeo_mlp,accuracy,stratum_geometry=inplane_0.86_slice_5,0.9620253164556962,,
bprior_majority,accuracy,stratum_geometry=inplane_0.62_slice_3,0.625,,
bprior_majority,accuracy,stratum_geometry=inplane_0.69_slice_5,0.7710638297872341,,
bprior_majority,accuracy,stratum_geometry=inplane_0.86_slice_3,0.5454545454545454,,
bprior_majority,accuracy,stratum_geometry=inplane_0.86_slice_5,0.7468354430379747,,
bprior_type,accuracy,stratum_geometry=inplane_0.62_slice_3,0.625,,
bprior_type,accuracy,stratum_geometry=inplane_0.69_slice_5,0.7710638297872341,,
bprior_type,accuracy,stratum_geometry=inplane_0.86_slice_3,0.5454545454545454,,
bprior_type,accuracy,stratum_geometry=inplane_0.86_slice_5,0.7468354430379747,,
bprior_type_side,accuracy,stratum_geometry=inplane_0.62_slice_3,0.59375,,
bprior_type_side,accuracy,stratum_geometry=inplane_0.69_slice_5,0.7753191489361703,,
bprior_type_side,accuracy,stratum_geometry=inplane_0.86_slice_3,0.5454545454545454,,
bprior_type_side,accuracy,stratum_geometry=inplane_0.86_slice_5,0.759493670886076,,
bprior_type_side_location,accuracy,stratum_geometry=inplane_0.62_slice_3,0.75,,
bprior_type_side_location,accuracy,stratum_geometry=inplane_0.69_slice_5,0.8034042553191489,,
bprior_type_side_location,accuracy,stratum_geometry=inplane_0.86_slice_3,0.6363636363636364,,
bprior_type_side_location,accuracy,stratum_geometry=inplane_0.86_slice_5,0.810126582278481,,
b0,accuracy,stratum_series=200_201,1.0,,
b0,accuracy,stratum_series=other,1.0,,
b1,accuracy,stratum_series=200_201,0.9740018570102136,,
b1,accuracy,stratum_series=other,0.9636363636363636,,
b2,accuracy,stratum_series=200_201,0.83008356545961,,
b2,accuracy,stratum_series=other,0.85,,
bgeo_hgb,accuracy,stratum_series=200_201,0.9962859795728877,,
bgeo_hgb,accuracy,stratum_series=other,0.9954545454545455,,
bgeo_lr,accuracy,stratum_series=200_201,0.9860724233983287,,
bgeo_lr,accuracy,stratum_series=other,0.9727272727272728,,
bgeo_mlp,accuracy,stratum_series=200_201,0.9740018570102136,,
bgeo_mlp,accuracy,stratum_series=other,0.9818181818181818,,
bprior_majority,accuracy,stratum_series=200_201,0.766016713091922,,
bprior_majority,accuracy,stratum_series=other,0.7545454545454545,,
bprior_type,accuracy,stratum_series=200_201,0.766016713091922,,
bprior_type,accuracy,stratum_series=other,0.7545454545454545,,
bprior_type_side,accuracy,stratum_series=200_201,0.7697307335190343,,
bprior_type_side,accuracy,stratum_series=other,0.759090909090909,,
bprior_type_side_location,accuracy,stratum_series=200_201,0.7985143918291551,,
bprior_type_side_location,accuracy,stratum_series=other,0.8136363636363636,,
b0,accuracy,lesion_type=lacunar_infarct,1.0,,
b0,accuracy,lesion_type=nonspecific_wm_lesion,1.0,,
b1,accuracy,lesion_type=lacunar_infarct,0.9649122807017544,,
b1,accuracy,lesion_type=nonspecific_wm_lesion,0.9725806451612903,,
b2,accuracy,lesion_type=lacunar_infarct,0.8421052631578947,,
b2,accuracy,lesion_type=nonspecific_wm_lesion,0.8330645161290322,,
bgeo_hgb,accuracy,lesion_type=lacunar_infarct,0.9649122807017544,,
bgeo_hgb,accuracy,lesion_type=nonspecific_wm_lesion,0.9975806451612903,,
bgeo_lr,accuracy,lesion_type=lacunar_infarct,1.0,,
bgeo_lr,accuracy,lesion_type=nonspecific_wm_lesion,0.9830645161290322,,
bgeo_mlp,accuracy,lesion_type=lacunar_infarct,0.9649122807017544,,
bgeo_mlp,accuracy,lesion_type=nonspecific_wm_lesion,0.9758064516129032,,
bprior_majority,accuracy,lesion_type=lacunar_infarct,0.8070175438596491,,
bprior_majority,accuracy,lesion_type=nonspecific_wm_lesion,0.7620967741935484,,
bprior_type,accuracy,lesion_type=lacunar_infarct,0.8070175438596491,,
bprior_type,accuracy,lesion_type=nonspecific_wm_lesion,0.7620967741935484,,
bprior_type_side,accuracy,lesion_type=lacunar_infarct,0.8070175438596491,,
bprior_type_side,accuracy,lesion_type=nonspecific_wm_lesion,0.7661290322580645,,
bprior_type_side_location,accuracy,lesion_type=lacunar_infarct,0.8245614035087719,,
bprior_type_side_location,accuracy,lesion_type=nonspecific_wm_lesion,0.8,,
b0,accuracy,is_3mm=False,1.0,,
b0,accuracy,is_3mm=True,1.0,,
b1,accuracy,is_3mm=False,0.9720893141945773,,
b1,accuracy,is_3mm=True,0.9767441860465116,,
b2,accuracy,is_3mm=False,0.8365231259968102,,
b2,accuracy,is_3mm=True,0.7441860465116279,,
bgeo_hgb,accuracy,is_3mm=False,0.9960127591706539,,
bgeo_hgb,accuracy,is_3mm=True,1.0,,
bgeo_lr,accuracy,is_3mm=False,0.9840510366826156,,
bgeo_lr,accuracy,is_3mm=True,0.9767441860465116,,
bgeo_mlp,accuracy,is_3mm=False,0.9744816586921851,,
bgeo_mlp,accuracy,is_3mm=True,1.0,,
bprior_majority,accuracy,is_3mm=False,0.7695374800637959,,
bprior_majority,accuracy,is_3mm=True,0.6046511627906976,,
bprior_type,accuracy,is_3mm=False,0.7695374800637959,,
bprior_type,accuracy,is_3mm=True,0.6046511627906976,,
bprior_type_side,accuracy,is_3mm=False,0.7743221690590112,,
bprior_type_side,accuracy,is_3mm=True,0.5813953488372093,,
bprior_type_side_location,accuracy,is_3mm=False,0.8038277511961722,,
bprior_type_side_location,accuracy,is_3mm=True,0.7209302325581395,,
b1,net_rescue_vs_bgeo,"delta_d=[0.0, 1.0)",-0.04776579352850539,-0.06942148760330578,-0.03037936247629786
b1,net_rescue_vs_bgeo,"delta_d=[1.0, 2.0)",0.0,0.0,0.0
b1,net_rescue_vs_bgeo,"delta_d=[2.0, 4.0)",0.0,0.0,0.0
b1,net_rescue_vs_bgeo,"delta_d=[4.0, 8.0)",0.0,0.0,0.0
b1,net_rescue_vs_bgeo,"delta_d=[8.0, inf)",0.0,0.0,0.0
b2,net_rescue_vs_bgeo,"delta_d=[0.0, 1.0)",-0.22496147919876733,-0.2634990084590287,-0.1874105341870943
b2,net_rescue_vs_bgeo,"delta_d=[1.0, 2.0)",-0.11214953271028037,-0.18,-0.058333333333333334
b2,net_rescue_vs_bgeo,"delta_d=[2.0, 4.0)",-0.07834101382488479,-0.11979226670506912,-0.045283018867924525
b2,net_rescue_vs_bgeo,"delta_d=[4.0, 8.0)",-0.09688581314878893,-0.14772727272727273,-0.05144694533762058
b2,net_rescue_vs_bgeo,"delta_d=[8.0, inf)",-0.22857142857142856,-0.4,-0.0625
